{"cameraMode":{"drawMode":0,"name":"Shaded","section":"Shading Mode"},"sceneLighting":true,"audioPlay":false,"sceneViewState":{"m_AlwaysRefresh":false,"showFog":true,"showSkybox":true,"showFlares":true,"showImageEffects":true,"showParticleSystems":true,"showVisualEffectGraphs":true,"m_FxEnabled":true},"in2DMode":false,"pivot":{"x":1050.6600341796875,"y":384.10003662109377,"z":-0.00003790855407714844},"rotation":{"x":0.051656175404787067,"y":0.17583484947681428,"z":-0.009239467792212963,"w":0.9830213189125061},"size":163.595947265625,"orthographic":false}